user_input,output,flag,username,timestamp
"hello
",,,,2023-08-17 07:32:09.252846
"hello
","h


































































































































































































































































































































































































































































































































































































































































































































































































































































































































",,,2023-08-17 07:32:32.063479
